"id","created_at","updated_at","province_id","name"
"1",NULL,NULL,"2","Adams"
"2",NULL,NULL,"2","Bacarra"
"3",NULL,NULL,"2","Badoc"
"4",NULL,NULL,"2","Bangui"
"5",NULL,NULL,"2","City of Batac"
"6",NULL,NULL,"2","Burgos"
"7",NULL,NULL,"2","Carasi"
"8",NULL,NULL,"2","Currimao"
"9",NULL,NULL,"2","Dingras"
"10",NULL,NULL,"2","Dumalneg"
"11",NULL,NULL,"2","Banna"
"12",NULL,NULL,"2","City of Laoag (Capital)"
"13",NULL,NULL,"2","Marcos"
"14",NULL,NULL,"2","Nueva Era"
"15",NULL,NULL,"2","Pagudpud"
"16",NULL,NULL,"2","Paoay"
"17",NULL,NULL,"2","Pasuquin"
"18",NULL,NULL,"2","Piddig"
"19",NULL,NULL,"2","Pinili"
"20",NULL,NULL,"2","San Nicolas"
"21",NULL,NULL,"2","Sarrat"
"22",NULL,NULL,"2","Solsona"
"23",NULL,NULL,"2","Vintar"
"24",NULL,NULL,"3","Alilem"
"25",NULL,NULL,"3","Banayoyo"
"26",NULL,NULL,"3","Bantay"
"27",NULL,NULL,"3","Burgos"
"28",NULL,NULL,"3","Cabugao"
"29",NULL,NULL,"3","City of Candon"
"30",NULL,NULL,"3","Caoayan"
"31",NULL,NULL,"3","Cervantes"
"32",NULL,NULL,"3","Galimuyod"
"33",NULL,NULL,"3","Gregorio del Pilar"
"34",NULL,NULL,"3","Lidlidda"
"35",NULL,NULL,"3","Magsingal"
"36",NULL,NULL,"3","Nagbukel"
"37",NULL,NULL,"3","Narvacan"
"38",NULL,NULL,"3","Quirino"
"39",NULL,NULL,"3","Salcedo"
"40",NULL,NULL,"3","San Emilio"
"41",NULL,NULL,"3","San Esteban"
"42",NULL,NULL,"3","San Ildefonso"
"43",NULL,NULL,"3","San Juan"
"44",NULL,NULL,"3","San Vicente"
"45",NULL,NULL,"3","Santa"
"46",NULL,NULL,"3","Santa Catalina"
"47",NULL,NULL,"3","Santa Cruz"
"48",NULL,NULL,"3","Santa Lucia"
"49",NULL,NULL,"3","Santa Maria"
"50",NULL,NULL,"3","Santiago"
"51",NULL,NULL,"3","Santo Domingo"
"52",NULL,NULL,"3","Sigay"
"53",NULL,NULL,"3","Sinait"
"54",NULL,NULL,"3","Sugpon"
"55",NULL,NULL,"3","Suyo"
"56",NULL,NULL,"3","Tagudin"
"57",NULL,NULL,"3","City of Vigan (Capital)"
"58",NULL,NULL,"4","Agoo"
"59",NULL,NULL,"4","Aringay"
"60",NULL,NULL,"4","Bacnotan"
"61",NULL,NULL,"4","Bagulin"
"62",NULL,NULL,"4","Balaoan"
"63",NULL,NULL,"4","Bangar"
"64",NULL,NULL,"4","Bauang"
"65",NULL,NULL,"4","Burgos"
"66",NULL,NULL,"4","Caba"
"67",NULL,NULL,"4","Luna"
"68",NULL,NULL,"4","Naguilian"
"69",NULL,NULL,"4","Pugo"
"70",NULL,NULL,"4","Rosario"
"71",NULL,NULL,"4","City of San Fernando (Capital)"
"72",NULL,NULL,"4","San Gabriel"
"73",NULL,NULL,"4","San Juan"
"74",NULL,NULL,"4","Santo Tomas"
"75",NULL,NULL,"4","Santol"
"76",NULL,NULL,"4","Sudipen"
"77",NULL,NULL,"4","Tubao"
"78",NULL,NULL,"5","Agno"
"79",NULL,NULL,"5","Aguilar"
"80",NULL,NULL,"5","City of Alaminos"
"81",NULL,NULL,"5","Alcala"
"82",NULL,NULL,"5","Anda"
"83",NULL,NULL,"5","Asingan"
"84",NULL,NULL,"5","Balungao"
"85",NULL,NULL,"5","Bani"
"86",NULL,NULL,"5","Basista"
"87",NULL,NULL,"5","Bautista"
"88",NULL,NULL,"5","Bayambang"
"89",NULL,NULL,"5","Binalonan"
"90",NULL,NULL,"5","Binmaley"
"91",NULL,NULL,"5","Bolinao"
"92",NULL,NULL,"5","Bugallon"
"93",NULL,NULL,"5","Burgos"
"94",NULL,NULL,"5","Calasiao"
"95",NULL,NULL,"5","City of Dagupan"
"96",NULL,NULL,"5","Dasol"
"97",NULL,NULL,"5","Infanta"
"98",NULL,NULL,"5","Labrador"
"99",NULL,NULL,"5","Lingayen (Capital)"
"100",NULL,NULL,"5","Mabini"
"101",NULL,NULL,"5","Malasiqui"
"102",NULL,NULL,"5","Manaoag"
"103",NULL,NULL,"5","Mangaldan"
"104",NULL,NULL,"5","Mangatarem"
"105",NULL,NULL,"5","Mapandan"
"106",NULL,NULL,"5","Natividad"
"107",NULL,NULL,"5","Pozorrubio"
"108",NULL,NULL,"5","Rosales"
"109",NULL,NULL,"5","City of San Carlos"
"110",NULL,NULL,"5","San Fabian"
"111",NULL,NULL,"5","San Jacinto"
"112",NULL,NULL,"5","San Manuel"
"113",NULL,NULL,"5","San Nicolas"
"114",NULL,NULL,"5","San Quintin"
"115",NULL,NULL,"5","Santa Barbara"
"116",NULL,NULL,"5","Santa Maria"
"117",NULL,NULL,"5","Santo Tomas"
"118",NULL,NULL,"5","Sison"
"119",NULL,NULL,"5","Sual"
"120",NULL,NULL,"5","Tayug"
"121",NULL,NULL,"5","Umingan"
"122",NULL,NULL,"5","Urbiztondo"
"123",NULL,NULL,"5","City of Urdaneta"
"124",NULL,NULL,"5","Villasis"
"125",NULL,NULL,"5","Laoac"
"126",NULL,NULL,"6","Basco (Capital)"
"127",NULL,NULL,"6","Itbayat"
"128",NULL,NULL,"6","Ivana"
"129",NULL,NULL,"6","Mahatao"
"130",NULL,NULL,"6","Sabtang"
"131",NULL,NULL,"6","Uyugan"
"132",NULL,NULL,"7","Abulug"
"133",NULL,NULL,"7","Alcala"
"134",NULL,NULL,"7","Allacapan"
"135",NULL,NULL,"7","Amulung"
"136",NULL,NULL,"7","Aparri"
"137",NULL,NULL,"7","Baggao"
"138",NULL,NULL,"7","Ballesteros"
"139",NULL,NULL,"7","Buguey"
"140",NULL,NULL,"7","Calayan"
"141",NULL,NULL,"7","Camalaniugan"
"142",NULL,NULL,"7","Claveria"
"143",NULL,NULL,"7","Enrile"
"144",NULL,NULL,"7","Gattaran"
"145",NULL,NULL,"7","Gonzaga"
"146",NULL,NULL,"7","Iguig"
"147",NULL,NULL,"7","Lal-Lo"
"148",NULL,NULL,"7","Lasam"
"149",NULL,NULL,"7","Pamplona"
"150",NULL,NULL,"7","Peñablanca"
"151",NULL,NULL,"7","Piat"
"152",NULL,NULL,"7","Rizal"
"153",NULL,NULL,"7","Sanchez-Mira"
"154",NULL,NULL,"7","Santa Ana"
"155",NULL,NULL,"7","Santa Praxedes"
"156",NULL,NULL,"7","Santa Teresita"
"157",NULL,NULL,"7","Santo Niño"
"158",NULL,NULL,"7","Solana"
"159",NULL,NULL,"7","Tuao"
"160",NULL,NULL,"7","Tuguegarao City (Capital)"
"161",NULL,NULL,"8","Alicia"
"162",NULL,NULL,"8","Angadanan"
"163",NULL,NULL,"8","Aurora"
"164",NULL,NULL,"8","Benito Soliven"
"165",NULL,NULL,"8","Burgos"
"166",NULL,NULL,"8","Cabagan"
"167",NULL,NULL,"8","Cabatuan"
"168",NULL,NULL,"8","City of Cauayan"
"169",NULL,NULL,"8","Cordon"
"170",NULL,NULL,"8","Dinapigue"
"171",NULL,NULL,"8","Divilacan"
"172",NULL,NULL,"8","Echague"
"173",NULL,NULL,"8","Gamu"
"174",NULL,NULL,"8","City of Ilagan (Capital)"
"175",NULL,NULL,"8","Jones"
"176",NULL,NULL,"8","Luna"
"177",NULL,NULL,"8","Maconacon"
"178",NULL,NULL,"8","Delfin Albano"
"179",NULL,NULL,"8","Mallig"
"180",NULL,NULL,"8","Naguilian"
"181",NULL,NULL,"8","Palanan"
"182",NULL,NULL,"8","Quezon"
"183",NULL,NULL,"8","Quirino"
"184",NULL,NULL,"8","Ramon"
"185",NULL,NULL,"8","Reina Mercedes"
"186",NULL,NULL,"8","Roxas"
"187",NULL,NULL,"8","San Agustin"
"188",NULL,NULL,"8","San Guillermo"
"189",NULL,NULL,"8","San Isidro"
"190",NULL,NULL,"8","San Manuel"
"191",NULL,NULL,"8","San Mariano"
"192",NULL,NULL,"8","San Mateo"
"193",NULL,NULL,"8","San Pablo"
"194",NULL,NULL,"8","Santa Maria"
"195",NULL,NULL,"8","City of Santiago"
"196",NULL,NULL,"8","Santo Tomas"
"197",NULL,NULL,"8","Tumauini"
"198",NULL,NULL,"9","Ambaguio"
"199",NULL,NULL,"9","Aritao"
"200",NULL,NULL,"9","Bagabag"
"201",NULL,NULL,"9","Bambang"
"202",NULL,NULL,"9","Bayombong (Capital)"
"203",NULL,NULL,"9","Diadi"
"204",NULL,NULL,"9","Dupax del Norte"
"205",NULL,NULL,"9","Dupax del Sur"
"206",NULL,NULL,"9","Kasibu"
"207",NULL,NULL,"9","Kayapa"
"208",NULL,NULL,"9","Quezon"
"209",NULL,NULL,"9","Santa Fe"
"210",NULL,NULL,"9","Solano"
"211",NULL,NULL,"9","Villaverde"
"212",NULL,NULL,"9","Alfonso Castaneda"
"213",NULL,NULL,"10","Aglipay"
"214",NULL,NULL,"10","Cabarroguis (Capital)"
"215",NULL,NULL,"10","Diffun"
"216",NULL,NULL,"10","Maddela"
"217",NULL,NULL,"10","Saguday"
"218",NULL,NULL,"10","Nagtipunan"
"219",NULL,NULL,"11","Abucay"
"220",NULL,NULL,"11","Bagac"
"221",NULL,NULL,"11","City of Balanga (Capital)"
"222",NULL,NULL,"11","Dinalupihan"
"223",NULL,NULL,"11","Hermosa"
"224",NULL,NULL,"11","Limay"
"225",NULL,NULL,"11","Mariveles"
"226",NULL,NULL,"11","Morong"
"227",NULL,NULL,"11","Orani"
"228",NULL,NULL,"11","Orion"
"229",NULL,NULL,"11","Pilar"
"230",NULL,NULL,"11","Samal"
"231",NULL,NULL,"12","Angat"
"232",NULL,NULL,"12","Balagtas"
"233",NULL,NULL,"12","Baliuag"
"234",NULL,NULL,"12","Bocaue"
"235",NULL,NULL,"12","Bulacan"
"236",NULL,NULL,"12","Bustos"
"237",NULL,NULL,"12","Calumpit"
"238",NULL,NULL,"12","Guiguinto"
"239",NULL,NULL,"12","Hagonoy"
"240",NULL,NULL,"12","City of Malolos (Capital)"
"241",NULL,NULL,"12","Marilao"
"242",NULL,NULL,"12","City of Meycauayan"
"243",NULL,NULL,"12","Norzagaray"
"244",NULL,NULL,"12","Obando"
"245",NULL,NULL,"12","Pandi"
"246",NULL,NULL,"12","Paombong"
"247",NULL,NULL,"12","Plaridel"
"248",NULL,NULL,"12","Pulilan"
"249",NULL,NULL,"12","San Ildefonso"
"250",NULL,NULL,"12","City of San Jose Del Monte"
"251",NULL,NULL,"12","San Miguel"
"252",NULL,NULL,"12","San Rafael"
"253",NULL,NULL,"12","Santa Maria"
"254",NULL,NULL,"12","Doña Remedios Trinidad"
"255",NULL,NULL,"13","Aliaga"
"256",NULL,NULL,"13","Bongabon"
"257",NULL,NULL,"13","City of Cabanatuan"
"258",NULL,NULL,"13","Cabiao"
"259",NULL,NULL,"13","Carranglan"
"260",NULL,NULL,"13","Cuyapo"
"261",NULL,NULL,"13","Gabaldon"
"262",NULL,NULL,"13","City of Gapan"
"263",NULL,NULL,"13","General Mamerto Natividad"
"264",NULL,NULL,"13","General Tinio"
"265",NULL,NULL,"13","Guimba"
"266",NULL,NULL,"13","Jaen"
"267",NULL,NULL,"13","Laur"
"268",NULL,NULL,"13","Licab"
"269",NULL,NULL,"13","Llanera"
"270",NULL,NULL,"13","Lupao"
"271",NULL,NULL,"13","Science City of Muñoz"
"272",NULL,NULL,"13","Nampicuan"
"273",NULL,NULL,"13","City of Palayan (Capital)"
"274",NULL,NULL,"13","Pantabangan"
"275",NULL,NULL,"13","Peñaranda"
"276",NULL,NULL,"13","Quezon"
"277",NULL,NULL,"13","Rizal"
"278",NULL,NULL,"13","San Antonio"
"279",NULL,NULL,"13","San Isidro"
"280",NULL,NULL,"13","San Jose City"
"281",NULL,NULL,"13","San Leonardo"
"282",NULL,NULL,"13","Santa Rosa"
"283",NULL,NULL,"13","Santo Domingo"
"284",NULL,NULL,"13","Talavera"
"285",NULL,NULL,"13","Talugtug"
"286",NULL,NULL,"13","Zaragoza"
"287",NULL,NULL,"14","City of Angeles"
"288",NULL,NULL,"14","Apalit"
"289",NULL,NULL,"14","Arayat"
"290",NULL,NULL,"14","Bacolor"
"291",NULL,NULL,"14","Candaba"
"292",NULL,NULL,"14","Floridablanca"
"293",NULL,NULL,"14","Guagua"
"294",NULL,NULL,"14","Lubao"
"295",NULL,NULL,"14","Mabalacat City"
"296",NULL,NULL,"14","Macabebe"
"297",NULL,NULL,"14","Magalang"
"298",NULL,NULL,"14","Masantol"
"299",NULL,NULL,"14","Mexico"
"300",NULL,NULL,"14","Minalin"
"301",NULL,NULL,"14","Porac"
"302",NULL,NULL,"14","City of San Fernando (Capital)"
"303",NULL,NULL,"14","San Luis"
"304",NULL,NULL,"14","San Simon"
"305",NULL,NULL,"14","Santa Ana"
"306",NULL,NULL,"14","Santa Rita"
"307",NULL,NULL,"14","Santo Tomas"
"308",NULL,NULL,"14","Sasmuan"
"309",NULL,NULL,"15","Anao"
"310",NULL,NULL,"15","Bamban"
"311",NULL,NULL,"15","Camiling"
"312",NULL,NULL,"15","Capas"
"313",NULL,NULL,"15","Concepcion"
"314",NULL,NULL,"15","Gerona"
"315",NULL,NULL,"15","La Paz"
"316",NULL,NULL,"15","Mayantoc"
"317",NULL,NULL,"15","Moncada"
"318",NULL,NULL,"15","Paniqui"
"319",NULL,NULL,"15","Pura"
"320",NULL,NULL,"15","Ramos"
"321",NULL,NULL,"15","San Clemente"
"322",NULL,NULL,"15","San Manuel"
"323",NULL,NULL,"15","Santa Ignacia"
"324",NULL,NULL,"15","City of Tarlac (Capital)"
"325",NULL,NULL,"15","Victoria"
"326",NULL,NULL,"15","San Jose"
"327",NULL,NULL,"16","Botolan"
"328",NULL,NULL,"16","Cabangan"
"329",NULL,NULL,"16","Candelaria"
"330",NULL,NULL,"16","Castillejos"
"331",NULL,NULL,"16","Iba (Capital)"
"332",NULL,NULL,"16","Masinloc"
"333",NULL,NULL,"16","City of Olongapo"
"334",NULL,NULL,"16","Palauig"
"335",NULL,NULL,"16","San Antonio"
"336",NULL,NULL,"16","San Felipe"
"337",NULL,NULL,"16","San Marcelino"
"338",NULL,NULL,"16","San Narciso"
"339",NULL,NULL,"16","Santa Cruz"
"340",NULL,NULL,"16","Subic"
"341",NULL,NULL,"17","Baler (Capital)"
"342",NULL,NULL,"17","Casiguran"
"343",NULL,NULL,"17","Dilasag"
"344",NULL,NULL,"17","Dinalungan"
"345",NULL,NULL,"17","Dingalan"
"346",NULL,NULL,"17","Dipaculao"
"347",NULL,NULL,"17","Maria Aurora"
"348",NULL,NULL,"17","San Luis"
"349",NULL,NULL,"18","Agoncillo"
"350",NULL,NULL,"18","Alitagtag"
"351",NULL,NULL,"18","Balayan"
"352",NULL,NULL,"18","Balete"
"353",NULL,NULL,"18","Batangas City (Capital)"
"354",NULL,NULL,"18","Bauan"
"355",NULL,NULL,"18","Calaca"
"356",NULL,NULL,"18","Calatagan"
"357",NULL,NULL,"18","Cuenca"
"358",NULL,NULL,"18","Ibaan"
"359",NULL,NULL,"18","Laurel"
"360",NULL,NULL,"18","Lemery"
"361",NULL,NULL,"18","Lian"
"362",NULL,NULL,"18","City of Lipa"
"363",NULL,NULL,"18","Lobo"
"364",NULL,NULL,"18","Mabini"
"365",NULL,NULL,"18","Malvar"
"366",NULL,NULL,"18","Mataasnakahoy"
"367",NULL,NULL,"18","Nasugbu"
"368",NULL,NULL,"18","Padre Garcia"
"369",NULL,NULL,"18","Rosario"
"370",NULL,NULL,"18","San Jose"
"371",NULL,NULL,"18","San Juan"
"372",NULL,NULL,"18","San Luis"
"373",NULL,NULL,"18","San Nicolas"
"374",NULL,NULL,"18","San Pascual"
"375",NULL,NULL,"18","Santa Teresita"
"376",NULL,NULL,"18","City of Sto. Tomas"
"377",NULL,NULL,"18","Taal"
"378",NULL,NULL,"18","Talisay"
"379",NULL,NULL,"18","City of Tanauan"
"380",NULL,NULL,"18","Taysan"
"381",NULL,NULL,"18","Tingloy"
"382",NULL,NULL,"18","Tuy"
"383",NULL,NULL,"19","Alfonso"
"384",NULL,NULL,"19","Amadeo"
"385",NULL,NULL,"19","City of Bacoor"
"386",NULL,NULL,"19","Carmona"
"387",NULL,NULL,"19","City of Cavite"
"388",NULL,NULL,"19","City of Dasmariñas"
"389",NULL,NULL,"19","General Emilio Aguinaldo"
"390",NULL,NULL,"19","City of General Trias"
"391",NULL,NULL,"19","City of Imus"
"392",NULL,NULL,"19","Indang"
"393",NULL,NULL,"19","Kawit"
"394",NULL,NULL,"19","Magallanes"
"395",NULL,NULL,"19","Maragondon"
"396",NULL,NULL,"19","Mendez"
"397",NULL,NULL,"19","Naic"
"398",NULL,NULL,"19","Noveleta"
"399",NULL,NULL,"19","Rosario"
"400",NULL,NULL,"19","Silang"
"401",NULL,NULL,"19","City of Tagaytay"
"402",NULL,NULL,"19","Tanza"
"403",NULL,NULL,"19","Ternate"
"404",NULL,NULL,"19","City of Trece Martires (Capital)"
"405",NULL,NULL,"19","Gen. Mariano Alvarez"
"406",NULL,NULL,"20","Alaminos"
"407",NULL,NULL,"20","Bay"
"408",NULL,NULL,"20","City of Biñan"
"409",NULL,NULL,"20","City of Cabuyao"
"410",NULL,NULL,"20","City of Calamba"
"411",NULL,NULL,"20","Calauan"
"412",NULL,NULL,"20","Cavinti"
"413",NULL,NULL,"20","Famy"
"414",NULL,NULL,"20","Kalayaan"
"415",NULL,NULL,"20","Liliw"
"416",NULL,NULL,"20","Los Baños"
"417",NULL,NULL,"20","Luisiana"
"418",NULL,NULL,"20","Lumban"
"419",NULL,NULL,"20","Mabitac"
"420",NULL,NULL,"20","Magdalena"
"421",NULL,NULL,"20","Majayjay"
"422",NULL,NULL,"20","Nagcarlan"
"423",NULL,NULL,"20","Paete"
"424",NULL,NULL,"20","Pagsanjan"
"425",NULL,NULL,"20","Pakil"
"426",NULL,NULL,"20","Pangil"
"427",NULL,NULL,"20","Pila"
"428",NULL,NULL,"20","Rizal"
"429",NULL,NULL,"20","City of San Pablo"
"430",NULL,NULL,"20","City of San Pedro"
"431",NULL,NULL,"20","Santa Cruz (Capital)"
"432",NULL,NULL,"20","Santa Maria"
"433",NULL,NULL,"20","City of Santa Rosa"
"434",NULL,NULL,"20","Siniloan"
"435",NULL,NULL,"20","Victoria"
"436",NULL,NULL,"21","Agdangan"
"437",NULL,NULL,"21","Alabat"
"438",NULL,NULL,"21","Atimonan"
"439",NULL,NULL,"21","Buenavista"
"440",NULL,NULL,"21","Burdeos"
"441",NULL,NULL,"21","Calauag"
"442",NULL,NULL,"21","Candelaria"
"443",NULL,NULL,"21","Catanauan"
"444",NULL,NULL,"21","Dolores"
"445",NULL,NULL,"21","General Luna"
"446",NULL,NULL,"21","General Nakar"
"447",NULL,NULL,"21","Guinayangan"
"448",NULL,NULL,"21","Gumaca"
"449",NULL,NULL,"21","Infanta"
"450",NULL,NULL,"21","Jomalig"
"451",NULL,NULL,"21","Lopez"
"452",NULL,NULL,"21","Lucban"
"453",NULL,NULL,"21","City of Lucena (Capital)"
"454",NULL,NULL,"21","Macalelon"
"455",NULL,NULL,"21","Mauban"
"456",NULL,NULL,"21","Mulanay"
"457",NULL,NULL,"21","Padre Burgos"
"458",NULL,NULL,"21","Pagbilao"
"459",NULL,NULL,"21","Panukulan"
"460",NULL,NULL,"21","Patnanungan"
"461",NULL,NULL,"21","Perez"
"462",NULL,NULL,"21","Pitogo"
"463",NULL,NULL,"21","Plaridel"
"464",NULL,NULL,"21","Polillo"
"465",NULL,NULL,"21","Quezon"
"466",NULL,NULL,"21","Real"
"467",NULL,NULL,"21","Sampaloc"
"468",NULL,NULL,"21","San Andres"
"469",NULL,NULL,"21","San Antonio"
"470",NULL,NULL,"21","San Francisco"
"471",NULL,NULL,"21","San Narciso"
"472",NULL,NULL,"21","Sariaya"
"473",NULL,NULL,"21","Tagkawayan"
"474",NULL,NULL,"21","City of Tayabas"
"475",NULL,NULL,"21","Tiaong"
"476",NULL,NULL,"21","Unisan"
"477",NULL,NULL,"22","Angono"
"478",NULL,NULL,"22","City of Antipolo (Capital)"
"479",NULL,NULL,"22","Baras"
"480",NULL,NULL,"22","Binangonan"
"481",NULL,NULL,"22","Cainta"
"482",NULL,NULL,"22","Cardona"
"483",NULL,NULL,"22","Jala-Jala"
"484",NULL,NULL,"22","Rodriguez"
"485",NULL,NULL,"22","Morong"
"486",NULL,NULL,"22","Pililla"
"487",NULL,NULL,"22","San Mateo"
"488",NULL,NULL,"22","Tanay"
"489",NULL,NULL,"22","Taytay"
"490",NULL,NULL,"22","Teresa"
"491",NULL,NULL,"23","Boac (Capital)"
"492",NULL,NULL,"23","Buenavista"
"493",NULL,NULL,"23","Gasan"
"494",NULL,NULL,"23","Mogpog"
"495",NULL,NULL,"23","Santa Cruz"
"496",NULL,NULL,"23","Torrijos"
"497",NULL,NULL,"24","Abra De Ilog"
"498",NULL,NULL,"24","Calintaan"
"499",NULL,NULL,"24","Looc"
"500",NULL,NULL,"24","Lubang"
"501",NULL,NULL,"24","Magsaysay"
"502",NULL,NULL,"24","Mamburao (Capital)"
"503",NULL,NULL,"24","Paluan"
"504",NULL,NULL,"24","Rizal"
"505",NULL,NULL,"24","Sablayan"
"506",NULL,NULL,"24","San Jose"
"507",NULL,NULL,"24","Santa Cruz"
"508",NULL,NULL,"25","Baco"
"509",NULL,NULL,"25","Bansud"
"510",NULL,NULL,"25","Bongabong"
"511",NULL,NULL,"25","Bulalacao"
"512",NULL,NULL,"25","City of Calapan (Capital)"
"513",NULL,NULL,"25","Gloria"
"514",NULL,NULL,"25","Mansalay"
"515",NULL,NULL,"25","Naujan"
"516",NULL,NULL,"25","Pinamalayan"
"517",NULL,NULL,"25","Pola"
"518",NULL,NULL,"25","Puerto Galera"
"519",NULL,NULL,"25","Roxas"
"520",NULL,NULL,"25","San Teodoro"
"521",NULL,NULL,"25","Socorro"
"522",NULL,NULL,"25","Victoria"
"523",NULL,NULL,"26","Aborlan"
"524",NULL,NULL,"26","Agutaya"
"525",NULL,NULL,"26","Araceli"
"526",NULL,NULL,"26","Balabac"
"527",NULL,NULL,"26","Bataraza"
"528",NULL,NULL,"26","Brooke'S Point"
"529",NULL,NULL,"26","Busuanga"
"530",NULL,NULL,"26","Cagayancillo"
"531",NULL,NULL,"26","Coron"
"532",NULL,NULL,"26","Cuyo"
"533",NULL,NULL,"26","Dumaran"
"534",NULL,NULL,"26","El Nido"
"535",NULL,NULL,"26","Linapacan"
"536",NULL,NULL,"26","Magsaysay"
"537",NULL,NULL,"26","Narra"
"538",NULL,NULL,"26","City of Puerto Princesa (Capital)"
"539",NULL,NULL,"26","Quezon"
"540",NULL,NULL,"26","Roxas"
"541",NULL,NULL,"26","San Vicente"
"542",NULL,NULL,"26","Taytay"
"543",NULL,NULL,"26","Kalayaan"
"544",NULL,NULL,"26","Culion"
"545",NULL,NULL,"26","Rizal"
"546",NULL,NULL,"26","Sofronio Española"
"547",NULL,NULL,"27","Alcantara"
"548",NULL,NULL,"27","Banton"
"549",NULL,NULL,"27","Cajidiocan"
"550",NULL,NULL,"27","Calatrava"
"551",NULL,NULL,"27","Concepcion"
"552",NULL,NULL,"27","Corcuera"
"553",NULL,NULL,"27","Looc"
"554",NULL,NULL,"27","Magdiwang"
"555",NULL,NULL,"27","Odiongan"
"556",NULL,NULL,"27","Romblon (Capital)"
"557",NULL,NULL,"27","San Agustin"
"558",NULL,NULL,"27","San Andres"
"559",NULL,NULL,"27","San Fernando"
"560",NULL,NULL,"27","San Jose"
"561",NULL,NULL,"27","Santa Fe"
"562",NULL,NULL,"27","Ferrol"
"563",NULL,NULL,"27","Santa Maria"
"564",NULL,NULL,"28","Bacacay"
"565",NULL,NULL,"28","Camalig"
"566",NULL,NULL,"28","Daraga"
"567",NULL,NULL,"28","Guinobatan"
"568",NULL,NULL,"28","Jovellar"
"569",NULL,NULL,"28","City of Legazpi (Capital)"
"570",NULL,NULL,"28","Libon"
"571",NULL,NULL,"28","City of Ligao"
"572",NULL,NULL,"28","Malilipot"
"573",NULL,NULL,"28","Malinao"
"574",NULL,NULL,"28","Manito"
"575",NULL,NULL,"28","Oas"
"576",NULL,NULL,"28","Pio Duran"
"577",NULL,NULL,"28","Polangui"
"578",NULL,NULL,"28","Rapu-Rapu"
"579",NULL,NULL,"28","Santo Domingo"
"580",NULL,NULL,"28","City of Tabaco"
"581",NULL,NULL,"28","Tiwi"
"582",NULL,NULL,"29","Basud"
"583",NULL,NULL,"29","Capalonga"
"584",NULL,NULL,"29","Daet (Capital)"
"585",NULL,NULL,"29","San Lorenzo Ruiz"
"586",NULL,NULL,"29","Jose Panganiban"
"587",NULL,NULL,"29","Labo"
"588",NULL,NULL,"29","Mercedes"
"589",NULL,NULL,"29","Paracale"
"590",NULL,NULL,"29","San Vicente"
"591",NULL,NULL,"29","Santa Elena"
"592",NULL,NULL,"29","Talisay"
"593",NULL,NULL,"29","Vinzons"
"594",NULL,NULL,"30","Baao"
"595",NULL,NULL,"30","Balatan"
"596",NULL,NULL,"30","Bato"
"597",NULL,NULL,"30","Bombon"
"598",NULL,NULL,"30","Buhi"
"599",NULL,NULL,"30","Bula"
"600",NULL,NULL,"30","Cabusao"
"601",NULL,NULL,"30","Calabanga"
"602",NULL,NULL,"30","Camaligan"
"603",NULL,NULL,"30","Canaman"
"604",NULL,NULL,"30","Caramoan"
"605",NULL,NULL,"30","Del Gallego"
"606",NULL,NULL,"30","Gainza"
"607",NULL,NULL,"30","Garchitorena"
"608",NULL,NULL,"30","Goa"
"609",NULL,NULL,"30","City of Iriga"
"610",NULL,NULL,"30","Lagonoy"
"611",NULL,NULL,"30","Libmanan"
"612",NULL,NULL,"30","Lupi"
"613",NULL,NULL,"30","Magarao"
"614",NULL,NULL,"30","Milaor"
"615",NULL,NULL,"30","Minalabac"
"616",NULL,NULL,"30","Nabua"
"617",NULL,NULL,"30","City of Naga"
"618",NULL,NULL,"30","Ocampo"
"619",NULL,NULL,"30","Pamplona"
"620",NULL,NULL,"30","Pasacao"
"621",NULL,NULL,"30","Pili (Capital)"
"622",NULL,NULL,"30","Presentacion"
"623",NULL,NULL,"30","Ragay"
"624",NULL,NULL,"30","Sagñay"
"625",NULL,NULL,"30","San Fernando"
"626",NULL,NULL,"30","San Jose"
"627",NULL,NULL,"30","Sipocot"
"628",NULL,NULL,"30","Siruma"
"629",NULL,NULL,"30","Tigaon"
"630",NULL,NULL,"30","Tinambac"
"631",NULL,NULL,"31","Bagamanoc"
"632",NULL,NULL,"31","Baras"
"633",NULL,NULL,"31","Bato"
"634",NULL,NULL,"31","Caramoran"
"635",NULL,NULL,"31","Gigmoto"
"636",NULL,NULL,"31","Pandan"
"637",NULL,NULL,"31","Panganiban"
"638",NULL,NULL,"31","San Andres"
"639",NULL,NULL,"31","San Miguel"
"640",NULL,NULL,"31","Viga"
"641",NULL,NULL,"31","Virac (Capital)"
"642",NULL,NULL,"32","Aroroy"
"643",NULL,NULL,"32","Baleno"
"644",NULL,NULL,"32","Balud"
"645",NULL,NULL,"32","Batuan"
"646",NULL,NULL,"32","Cataingan"
"647",NULL,NULL,"32","Cawayan"
"648",NULL,NULL,"32","Claveria"
"649",NULL,NULL,"32","Dimasalang"
"650",NULL,NULL,"32","Esperanza"
"651",NULL,NULL,"32","Mandaon"
"652",NULL,NULL,"32","City of Masbate (Capital)"
"653",NULL,NULL,"32","Milagros"
"654",NULL,NULL,"32","Mobo"
"655",NULL,NULL,"32","Monreal"
"656",NULL,NULL,"32","Palanas"
"657",NULL,NULL,"32","Pio V. Corpuz"
"658",NULL,NULL,"32","Placer"
"659",NULL,NULL,"32","San Fernando"
"660",NULL,NULL,"32","San Jacinto"
"661",NULL,NULL,"32","San Pascual"
"662",NULL,NULL,"32","Uson"
"663",NULL,NULL,"33","Barcelona"
"664",NULL,NULL,"33","Bulan"
"665",NULL,NULL,"33","Bulusan"
"666",NULL,NULL,"33","Casiguran"
"667",NULL,NULL,"33","Castilla"
"668",NULL,NULL,"33","Donsol"
"669",NULL,NULL,"33","Gubat"
"670",NULL,NULL,"33","Irosin"
"671",NULL,NULL,"33","Juban"
"672",NULL,NULL,"33","Magallanes"
"673",NULL,NULL,"33","Matnog"
"674",NULL,NULL,"33","Pilar"
"675",NULL,NULL,"33","Prieto Diaz"
"676",NULL,NULL,"33","Santa Magdalena"
"677",NULL,NULL,"33","City of Sorsogon (Capital)"
"678",NULL,NULL,"34","Altavas"
"679",NULL,NULL,"34","Balete"
"680",NULL,NULL,"34","Banga"
"681",NULL,NULL,"34","Batan"
"682",NULL,NULL,"34","Buruanga"
"683",NULL,NULL,"34","Ibajay"
"684",NULL,NULL,"34","Kalibo (Capital)"
"685",NULL,NULL,"34","Lezo"
"686",NULL,NULL,"34","Libacao"
"687",NULL,NULL,"34","Madalag"
"688",NULL,NULL,"34","Makato"
"689",NULL,NULL,"34","Malay"
"690",NULL,NULL,"34","Malinao"
"691",NULL,NULL,"34","Nabas"
"692",NULL,NULL,"34","New Washington"
"693",NULL,NULL,"34","Numancia"
"694",NULL,NULL,"34","Tangalan"
"695",NULL,NULL,"35","Anini-Y"
"696",NULL,NULL,"35","Barbaza"
"697",NULL,NULL,"35","Belison"
"698",NULL,NULL,"35","Bugasong"
"699",NULL,NULL,"35","Caluya"
"700",NULL,NULL,"35","Culasi"
"701",NULL,NULL,"35","Tobias Fornier"
"702",NULL,NULL,"35","Hamtic"
"703",NULL,NULL,"35","Laua-An"
"704",NULL,NULL,"35","Libertad"
"705",NULL,NULL,"35","Pandan"
"706",NULL,NULL,"35","Patnongon"
"707",NULL,NULL,"35","San Jose (Capital)"
"708",NULL,NULL,"35","San Remigio"
"709",NULL,NULL,"35","Sebaste"
"710",NULL,NULL,"35","Sibalom"
"711",NULL,NULL,"35","Tibiao"
"712",NULL,NULL,"35","Valderrama"
"713",NULL,NULL,"36","Cuartero"
"714",NULL,NULL,"36","Dao"
"715",NULL,NULL,"36","Dumalag"
"716",NULL,NULL,"36","Dumarao"
"717",NULL,NULL,"36","Ivisan"
"718",NULL,NULL,"36","Jamindan"
"719",NULL,NULL,"36","Ma-Ayon"
"720",NULL,NULL,"36","Mambusao"
"721",NULL,NULL,"36","Panay"
"722",NULL,NULL,"36","Panitan"
"723",NULL,NULL,"36","Pilar"
"724",NULL,NULL,"36","Pontevedra"
"725",NULL,NULL,"36","President Roxas"
"726",NULL,NULL,"36","City of Roxas (Capital)"
"727",NULL,NULL,"36","Sapi-An"
"728",NULL,NULL,"36","Sigma"
"729",NULL,NULL,"36","Tapaz"
"730",NULL,NULL,"37","Ajuy"
"731",NULL,NULL,"37","Alimodian"
"732",NULL,NULL,"37","Anilao"
"733",NULL,NULL,"37","Badiangan"
"734",NULL,NULL,"37","Balasan"
"735",NULL,NULL,"37","Banate"
"736",NULL,NULL,"37","Barotac Nuevo"
"737",NULL,NULL,"37","Barotac Viejo"
"738",NULL,NULL,"37","Batad"
"739",NULL,NULL,"37","Bingawan"
"740",NULL,NULL,"37","Cabatuan"
"741",NULL,NULL,"37","Calinog"
"742",NULL,NULL,"37","Carles"
"743",NULL,NULL,"37","Concepcion"
"744",NULL,NULL,"37","Dingle"
"745",NULL,NULL,"37","Dueñas"
"746",NULL,NULL,"37","Dumangas"
"747",NULL,NULL,"37","Estancia"
"748",NULL,NULL,"37","Guimbal"
"749",NULL,NULL,"37","Igbaras"
"750",NULL,NULL,"37","City of Iloilo (Capital)"
"751",NULL,NULL,"37","Janiuay"
"752",NULL,NULL,"37","Lambunao"
"753",NULL,NULL,"37","Leganes"
"754",NULL,NULL,"37","Lemery"
"755",NULL,NULL,"37","Leon"
"756",NULL,NULL,"37","Maasin"
"757",NULL,NULL,"37","Miagao"
"758",NULL,NULL,"37","Mina"
"759",NULL,NULL,"37","New Lucena"
"760",NULL,NULL,"37","Oton"
"761",NULL,NULL,"37","City of Passi"
"762",NULL,NULL,"37","Pavia"
"763",NULL,NULL,"37","Pototan"
"764",NULL,NULL,"37","San Dionisio"
"765",NULL,NULL,"37","San Enrique"
"766",NULL,NULL,"37","San Joaquin"
"767",NULL,NULL,"37","San Miguel"
"768",NULL,NULL,"37","San Rafael"
"769",NULL,NULL,"37","Santa Barbara"
"770",NULL,NULL,"37","Sara"
"771",NULL,NULL,"37","Tigbauan"
"772",NULL,NULL,"37","Tubungan"
"773",NULL,NULL,"37","Zarraga"
"774",NULL,NULL,"38","City of Bacolod (Capital)"
"775",NULL,NULL,"38","City of Bago"
"776",NULL,NULL,"38","Binalbagan"
"777",NULL,NULL,"38","City of Cadiz"
"778",NULL,NULL,"38","Calatrava"
"779",NULL,NULL,"38","Candoni"
"780",NULL,NULL,"38","Cauayan"
"781",NULL,NULL,"38","Enrique B. Magalona"
"782",NULL,NULL,"38","City of Escalante"
"783",NULL,NULL,"38","City of Himamaylan"
"784",NULL,NULL,"38","Hinigaran"
"785",NULL,NULL,"38","Hinoba-an"
"786",NULL,NULL,"38","Ilog"
"787",NULL,NULL,"38","Isabela"
"788",NULL,NULL,"38","City of Kabankalan"
"789",NULL,NULL,"38","City of La Carlota"
"790",NULL,NULL,"38","La Castellana"
"791",NULL,NULL,"38","Manapla"
"792",NULL,NULL,"38","Moises Padilla"
"793",NULL,NULL,"38","Murcia"
"794",NULL,NULL,"38","Pontevedra"
"795",NULL,NULL,"38","Pulupandan"
"796",NULL,NULL,"38","City of Sagay"
"797",NULL,NULL,"38","City of San Carlos"
"798",NULL,NULL,"38","San Enrique"
"799",NULL,NULL,"38","City of Silay"
"800",NULL,NULL,"38","City of Sipalay"
"801",NULL,NULL,"38","City of Talisay"
"802",NULL,NULL,"38","Toboso"
"803",NULL,NULL,"38","Valladolid"
"804",NULL,NULL,"38","City of Victorias"
"805",NULL,NULL,"38","Salvador Benedicto"
"806",NULL,NULL,"39","Buenavista"
"807",NULL,NULL,"39","Jordan (Capital)"
"808",NULL,NULL,"39","Nueva Valencia"
"809",NULL,NULL,"39","San Lorenzo"
"810",NULL,NULL,"39","Sibunag"
"811",NULL,NULL,"40","Alburquerque"
"812",NULL,NULL,"40","Alicia"
"813",NULL,NULL,"40","Anda"
"814",NULL,NULL,"40","Antequera"
"815",NULL,NULL,"40","Baclayon"
"816",NULL,NULL,"40","Balilihan"
"817",NULL,NULL,"40","Batuan"
"818",NULL,NULL,"40","Bilar"
"819",NULL,NULL,"40","Buenavista"
"820",NULL,NULL,"40","Calape"
"821",NULL,NULL,"40","Candijay"
"822",NULL,NULL,"40","Carmen"
"823",NULL,NULL,"40","Catigbian"
"824",NULL,NULL,"40","Clarin"
"825",NULL,NULL,"40","Corella"
"826",NULL,NULL,"40","Cortes"
"827",NULL,NULL,"40","Dagohoy"
"828",NULL,NULL,"40","Danao"
"829",NULL,NULL,"40","Dauis"
"830",NULL,NULL,"40","Dimiao"
"831",NULL,NULL,"40","Duero"
"832",NULL,NULL,"40","Garcia Hernandez"
"833",NULL,NULL,"40","Guindulman"
"834",NULL,NULL,"40","Inabanga"
"835",NULL,NULL,"40","Jagna"
"836",NULL,NULL,"40","Getafe"
"837",NULL,NULL,"40","Lila"
"838",NULL,NULL,"40","Loay"
"839",NULL,NULL,"40","Loboc"
"840",NULL,NULL,"40","Loon"
"841",NULL,NULL,"40","Mabini"
"842",NULL,NULL,"40","Maribojoc"
"843",NULL,NULL,"40","Panglao"
"844",NULL,NULL,"40","Pilar"
"845",NULL,NULL,"40","Pres. Carlos P. Garcia"
"846",NULL,NULL,"40","Sagbayan"
"847",NULL,NULL,"40","San Isidro"
"848",NULL,NULL,"40","San Miguel"
"849",NULL,NULL,"40","Sevilla"
"850",NULL,NULL,"40","Sierra Bullones"
"851",NULL,NULL,"40","Sikatuna"
"852",NULL,NULL,"40","City of Tagbilaran (Capital)"
"853",NULL,NULL,"40","Talibon"
"854",NULL,NULL,"40","Trinidad"
"855",NULL,NULL,"40","Tubigon"
"856",NULL,NULL,"40","Ubay"
"857",NULL,NULL,"40","Valencia"
"858",NULL,NULL,"40","Bien Unido"
"859",NULL,NULL,"41","Alcantara"
"860",NULL,NULL,"41","Alcoy"
"861",NULL,NULL,"41","Alegria"
"862",NULL,NULL,"41","Aloguinsan"
"863",NULL,NULL,"41","Argao"
"864",NULL,NULL,"41","Asturias"
"865",NULL,NULL,"41","Badian"
"866",NULL,NULL,"41","Balamban"
"867",NULL,NULL,"41","Bantayan"
"868",NULL,NULL,"41","Barili"
"869",NULL,NULL,"41","City of Bogo"
"870",NULL,NULL,"41","Boljoon"
"871",NULL,NULL,"41","Borbon"
"872",NULL,NULL,"41","City of Carcar"
"873",NULL,NULL,"41","Carmen"
"874",NULL,NULL,"41","Catmon"
"875",NULL,NULL,"41","City of Cebu (Capital)"
"876",NULL,NULL,"41","Compostela"
"877",NULL,NULL,"41","Consolacion"
"878",NULL,NULL,"41","Cordova"
"879",NULL,NULL,"41","Daanbantayan"
"880",NULL,NULL,"41","Dalaguete"
"881",NULL,NULL,"41","Danao City"
"882",NULL,NULL,"41","Dumanjug"
"883",NULL,NULL,"41","Ginatilan"
"884",NULL,NULL,"41","City of Lapu-Lapu"
"885",NULL,NULL,"41","Liloan"
"886",NULL,NULL,"41","Madridejos"
"887",NULL,NULL,"41","Malabuyoc"
"888",NULL,NULL,"41","City of Mandaue"
"889",NULL,NULL,"41","Medellin"
"890",NULL,NULL,"41","Minglanilla"
"891",NULL,NULL,"41","Moalboal"
"892",NULL,NULL,"41","City of Naga"
"893",NULL,NULL,"41","Oslob"
"894",NULL,NULL,"41","Pilar"
"895",NULL,NULL,"41","Pinamungajan"
"896",NULL,NULL,"41","Poro"
"897",NULL,NULL,"41","Ronda"
"898",NULL,NULL,"41","Samboan"
"899",NULL,NULL,"41","San Fernando"
"900",NULL,NULL,"41","San Francisco"
"901",NULL,NULL,"41","San Remigio"
"902",NULL,NULL,"41","Santa Fe"
"903",NULL,NULL,"41","Santander"
"904",NULL,NULL,"41","Sibonga"
"905",NULL,NULL,"41","Sogod"
"906",NULL,NULL,"41","Tabogon"
"907",NULL,NULL,"41","Tabuelan"
"908",NULL,NULL,"41","City of Talisay"
"909",NULL,NULL,"41","City of Toledo"
"910",NULL,NULL,"41","Tuburan"
"911",NULL,NULL,"41","Tudela"
"912",NULL,NULL,"42","Amlan"
"913",NULL,NULL,"42","Ayungon"
"914",NULL,NULL,"42","Bacong"
"915",NULL,NULL,"42","City of Bais"
"916",NULL,NULL,"42","Basay"
"917",NULL,NULL,"42","City of Bayawan"
"918",NULL,NULL,"42","Bindoy"
"919",NULL,NULL,"42","City of Canlaon"
"920",NULL,NULL,"42","Dauin"
"921",NULL,NULL,"42","City of Dumaguete (Capital)"
"922",NULL,NULL,"42","City of Guihulngan"
"923",NULL,NULL,"42","Jimalalud"
"924",NULL,NULL,"42","La Libertad"
"925",NULL,NULL,"42","Mabinay"
"926",NULL,NULL,"42","Manjuyod"
"927",NULL,NULL,"42","Pamplona"
"928",NULL,NULL,"42","San Jose"
"929",NULL,NULL,"42","Santa Catalina"
"930",NULL,NULL,"42","Siaton"
"931",NULL,NULL,"42","Sibulan"
"932",NULL,NULL,"42","City of Tanjay"
"933",NULL,NULL,"42","Tayasan"
"934",NULL,NULL,"42","Valencia"
"935",NULL,NULL,"42","Vallehermoso"
"936",NULL,NULL,"42","Zamboanguita"
"937",NULL,NULL,"43","Enrique Villanueva"
"938",NULL,NULL,"43","Larena"
"939",NULL,NULL,"43","Lazi"
"940",NULL,NULL,"43","Maria"
"941",NULL,NULL,"43","San Juan"
"942",NULL,NULL,"43","Siquijor (Capital)"
"943",NULL,NULL,"44","Arteche"
"944",NULL,NULL,"44","Balangiga"
"945",NULL,NULL,"44","Balangkayan"
"946",NULL,NULL,"44","City of Borongan (Capital)"
"947",NULL,NULL,"44","Can-Avid"
"948",NULL,NULL,"44","Dolores"
"949",NULL,NULL,"44","General Macarthur"
"950",NULL,NULL,"44","Giporlos"
"951",NULL,NULL,"44","Guiuan"
"952",NULL,NULL,"44","Hernani"
"953",NULL,NULL,"44","Jipapad"
"954",NULL,NULL,"44","Lawaan"
"955",NULL,NULL,"44","Llorente"
"956",NULL,NULL,"44","Maslog"
"957",NULL,NULL,"44","Maydolong"
"958",NULL,NULL,"44","Mercedes"
"959",NULL,NULL,"44","Oras"
"960",NULL,NULL,"44","Quinapondan"
"961",NULL,NULL,"44","Salcedo"
"962",NULL,NULL,"44","San Julian"
"963",NULL,NULL,"44","San Policarpo"
"964",NULL,NULL,"44","Sulat"
"965",NULL,NULL,"44","Taft"
"966",NULL,NULL,"45","Abuyog"
"967",NULL,NULL,"45","Alangalang"
"968",NULL,NULL,"45","Albuera"
"969",NULL,NULL,"45","Babatngon"
"970",NULL,NULL,"45","Barugo"
"971",NULL,NULL,"45","Bato"
"972",NULL,NULL,"45","City of Baybay"
"973",NULL,NULL,"45","Burauen"
"974",NULL,NULL,"45","Calubian"
"975",NULL,NULL,"45","Capoocan"
"976",NULL,NULL,"45","Carigara"
"977",NULL,NULL,"45","Dagami"
"978",NULL,NULL,"45","Dulag"
"979",NULL,NULL,"45","Hilongos"
"980",NULL,NULL,"45","Hindang"
"981",NULL,NULL,"45","Inopacan"
"982",NULL,NULL,"45","Isabel"
"983",NULL,NULL,"45","Jaro"
"984",NULL,NULL,"45","Javier"
"985",NULL,NULL,"45","Julita"
"986",NULL,NULL,"45","Kananga"
"987",NULL,NULL,"45","La Paz"
"988",NULL,NULL,"45","Leyte"
"989",NULL,NULL,"45","Macarthur"
"990",NULL,NULL,"45","Mahaplag"
"991",NULL,NULL,"45","Matag-Ob"
"992",NULL,NULL,"45","Matalom"
"993",NULL,NULL,"45","Mayorga"
"994",NULL,NULL,"45","Merida"
"995",NULL,NULL,"45","Ormoc City"
"996",NULL,NULL,"45","Palo"
"997",NULL,NULL,"45","Palompon"
"998",NULL,NULL,"45","Pastrana"
"999",NULL,NULL,"45","San Isidro"
"1000",NULL,NULL,"45","San Miguel"
"1001",NULL,NULL,"45","Santa Fe"
"1002",NULL,NULL,"45","Tabango"
"1003",NULL,NULL,"45","Tabontabon"
"1004",NULL,NULL,"45","City of Tacloban (Capital)"
"1005",NULL,NULL,"45","Tanauan"
"1006",NULL,NULL,"45","Tolosa"
"1007",NULL,NULL,"45","Tunga"
"1008",NULL,NULL,"45","Villaba"
"1009",NULL,NULL,"46","Allen"
"1010",NULL,NULL,"46","Biri"
"1011",NULL,NULL,"46","Bobon"
"1012",NULL,NULL,"46","Capul"
"1013",NULL,NULL,"46","Catarman (Capital)"
"1014",NULL,NULL,"46","Catubig"
"1015",NULL,NULL,"46","Gamay"
"1016",NULL,NULL,"46","Laoang"
"1017",NULL,NULL,"46","Lapinig"
"1018",NULL,NULL,"46","Las Navas"
"1019",NULL,NULL,"46","Lavezares"
"1020",NULL,NULL,"46","Mapanas"
"1021",NULL,NULL,"46","Mondragon"
"1022",NULL,NULL,"46","Palapag"
"1023",NULL,NULL,"46","Pambujan"
"1024",NULL,NULL,"46","Rosario"
"1025",NULL,NULL,"46","San Antonio"
"1026",NULL,NULL,"46","San Isidro"
"1027",NULL,NULL,"46","San Jose"
"1028",NULL,NULL,"46","San Roque"
"1029",NULL,NULL,"46","San Vicente"
"1030",NULL,NULL,"46","Silvino Lobos"
"1031",NULL,NULL,"46","Victoria"
"1032",NULL,NULL,"46","Lope De Vega"
"1033",NULL,NULL,"47","Almagro"
"1034",NULL,NULL,"47","Basey"
"1035",NULL,NULL,"47","City of Calbayog"
"1036",NULL,NULL,"47","Calbiga"
"1037",NULL,NULL,"47","City of Catbalogan (Capital)"
"1038",NULL,NULL,"47","Daram"
"1039",NULL,NULL,"47","Gandara"
"1040",NULL,NULL,"47","Hinabangan"
"1041",NULL,NULL,"47","Jiabong"
"1042",NULL,NULL,"47","Marabut"
"1043",NULL,NULL,"47","Matuguinao"
"1044",NULL,NULL,"47","Motiong"
"1045",NULL,NULL,"47","Pinabacdao"
"1046",NULL,NULL,"47","San Jose De Buan"
"1047",NULL,NULL,"47","San Sebastian"
"1048",NULL,NULL,"47","Santa Margarita"
"1049",NULL,NULL,"47","Santa Rita"
"1050",NULL,NULL,"47","Santo Niño"
"1051",NULL,NULL,"47","Talalora"
"1052",NULL,NULL,"47","Tarangnan"
"1053",NULL,NULL,"47","Villareal"
"1054",NULL,NULL,"47","Paranas"
"1055",NULL,NULL,"47","Zumarraga"
"1056",NULL,NULL,"47","Tagapul-An"
"1057",NULL,NULL,"47","San Jorge"
"1058",NULL,NULL,"47","Pagsanghan"
"1059",NULL,NULL,"48","Anahawan"
"1060",NULL,NULL,"48","Bontoc"
"1061",NULL,NULL,"48","Hinunangan"
"1062",NULL,NULL,"48","Hinundayan"
"1063",NULL,NULL,"48","Libagon"
"1064",NULL,NULL,"48","Liloan"
"1065",NULL,NULL,"48","City of Maasin (Capital)"
"1066",NULL,NULL,"48","Macrohon"
"1067",NULL,NULL,"48","Malitbog"
"1068",NULL,NULL,"48","Padre Burgos"
"1069",NULL,NULL,"48","Pintuyan"
"1070",NULL,NULL,"48","Saint Bernard"
"1071",NULL,NULL,"48","San Francisco"
"1072",NULL,NULL,"48","San Juan"
"1073",NULL,NULL,"48","San Ricardo"
"1074",NULL,NULL,"48","Silago"
"1075",NULL,NULL,"48","Sogod"
"1076",NULL,NULL,"48","Tomas Oppus"
"1077",NULL,NULL,"48","Limasawa"
"1078",NULL,NULL,"49","Almeria"
"1079",NULL,NULL,"49","Biliran"
"1080",NULL,NULL,"49","Cabucgayan"
"1081",NULL,NULL,"49","Caibiran"
"1082",NULL,NULL,"49","Culaba"
"1083",NULL,NULL,"49","Kawayan"
"1084",NULL,NULL,"49","Maripipi"
"1085",NULL,NULL,"49","Naval (Capital)"
"1086",NULL,NULL,"50","City of Dapitan"
"1087",NULL,NULL,"50","City of Dipolog (Capital)"
"1088",NULL,NULL,"50","Katipunan"
"1089",NULL,NULL,"50","La Libertad"
"1090",NULL,NULL,"50","Labason"
"1091",NULL,NULL,"50","Liloy"
"1092",NULL,NULL,"50","Manukan"
"1093",NULL,NULL,"50","Mutia"
"1094",NULL,NULL,"50","Piñan"
"1095",NULL,NULL,"50","Polanco"
"1096",NULL,NULL,"50","Pres. Manuel A. Roxas"
"1097",NULL,NULL,"50","Rizal"
"1098",NULL,NULL,"50","Salug"
"1099",NULL,NULL,"50","Sergio Osmeña Sr."
"1100",NULL,NULL,"50","Siayan"
"1101",NULL,NULL,"50","Sibuco"
"1102",NULL,NULL,"50","Sibutad"
"1103",NULL,NULL,"50","Sindangan"
"1104",NULL,NULL,"50","Siocon"
"1105",NULL,NULL,"50","Sirawai"
"1106",NULL,NULL,"50","Tampilisan"
"1107",NULL,NULL,"50","Jose Dalman"
"1108",NULL,NULL,"50","Gutalac"
"1109",NULL,NULL,"50","Baliguian"
"1110",NULL,NULL,"50","Godod"
"1111",NULL,NULL,"50","Bacungan"
"1112",NULL,NULL,"50","Kalawit"
"1113",NULL,NULL,"51","Aurora"
"1114",NULL,NULL,"51","Bayog"
"1115",NULL,NULL,"51","Dimataling"
"1116",NULL,NULL,"51","Dinas"
"1117",NULL,NULL,"51","Dumalinao"
"1118",NULL,NULL,"51","Dumingag"
"1119",NULL,NULL,"51","Kumalarang"
"1120",NULL,NULL,"51","Labangan"
"1121",NULL,NULL,"51","Lapuyan"
"1122",NULL,NULL,"51","Mahayag"
"1123",NULL,NULL,"51","Margosatubig"
"1124",NULL,NULL,"51","Midsalip"
"1125",NULL,NULL,"51","Molave"
"1126",NULL,NULL,"51","City of Pagadian (Capital)"
"1127",NULL,NULL,"51","Ramon Magsaysay"
"1128",NULL,NULL,"51","San Miguel"
"1129",NULL,NULL,"51","San Pablo"
"1130",NULL,NULL,"51","Tabina"
"1131",NULL,NULL,"51","Tambulig"
"1132",NULL,NULL,"51","Tukuran"
"1133",NULL,NULL,"51","City of Zamboanga"
"1134",NULL,NULL,"51","Lakewood"
"1135",NULL,NULL,"51","Josefina"
"1136",NULL,NULL,"51","Pitogo"
"1137",NULL,NULL,"51","Sominot"
"1138",NULL,NULL,"51","Vincenzo A. Sagun"
"1139",NULL,NULL,"51","Guipos"
"1140",NULL,NULL,"51","Tigbao"
"1141",NULL,NULL,"52","Alicia"
"1142",NULL,NULL,"52","Buug"
"1143",NULL,NULL,"52","Diplahan"
"1144",NULL,NULL,"52","Imelda"
"1145",NULL,NULL,"52","Ipil (Capital)"
"1146",NULL,NULL,"52","Kabasalan"
"1147",NULL,NULL,"52","Mabuhay"
"1148",NULL,NULL,"52","Malangas"
"1149",NULL,NULL,"52","Naga"
"1150",NULL,NULL,"52","Olutanga"
"1151",NULL,NULL,"52","Payao"
"1152",NULL,NULL,"52","Roseller Lim"
"1153",NULL,NULL,"52","Siay"
"1154",NULL,NULL,"52","Talusan"
"1155",NULL,NULL,"52","Titay"
"1156",NULL,NULL,"52","Tungawan"
"1157",NULL,NULL,"52","City of Isabela"
"1158",NULL,NULL,"53","Baungon"
"1159",NULL,NULL,"53","Damulog"
"1160",NULL,NULL,"53","Dangcagan"
"1161",NULL,NULL,"53","Don Carlos"
"1162",NULL,NULL,"53","Impasug-ong"
"1163",NULL,NULL,"53","Kadingilan"
"1164",NULL,NULL,"53","Kalilangan"
"1165",NULL,NULL,"53","Kibawe"
"1166",NULL,NULL,"53","Kitaotao"
"1167",NULL,NULL,"53","Lantapan"
"1168",NULL,NULL,"53","Libona"
"1169",NULL,NULL,"53","City of Malaybalay (Capital)"
"1170",NULL,NULL,"53","Malitbog"
"1171",NULL,NULL,"53","Manolo Fortich"
"1172",NULL,NULL,"53","Maramag"
"1173",NULL,NULL,"53","Pangantucan"
"1174",NULL,NULL,"53","Quezon"
"1175",NULL,NULL,"53","San Fernando"
"1176",NULL,NULL,"53","Sumilao"
"1177",NULL,NULL,"53","Talakag"
"1178",NULL,NULL,"53","City of Valencia"
"1179",NULL,NULL,"53","Cabanglasan"
"1180",NULL,NULL,"54","Catarman"
"1181",NULL,NULL,"54","Guinsiliban"
"1182",NULL,NULL,"54","Mahinog"
"1183",NULL,NULL,"54","Mambajao (Capital)"
"1184",NULL,NULL,"54","Sagay"
"1185",NULL,NULL,"55","Bacolod"
"1186",NULL,NULL,"55","Baloi"
"1187",NULL,NULL,"55","Baroy"
"1188",NULL,NULL,"55","City of Iligan"
"1189",NULL,NULL,"55","Kapatagan"
"1190",NULL,NULL,"55","Sultan Naga Dimaporo"
"1191",NULL,NULL,"55","Kauswagan"
"1192",NULL,NULL,"55","Kolambugan"
"1193",NULL,NULL,"55","Lala"
"1194",NULL,NULL,"55","Linamon"
"1195",NULL,NULL,"55","Magsaysay"
"1196",NULL,NULL,"55","Maigo"
"1197",NULL,NULL,"55","Matungao"
"1198",NULL,NULL,"55","Munai"
"1199",NULL,NULL,"55","Nunungan"
"1200",NULL,NULL,"55","Pantao Ragat"
"1201",NULL,NULL,"55","Poona Piagapo"
"1202",NULL,NULL,"55","Salvador"
"1203",NULL,NULL,"55","Sapad"
"1204",NULL,NULL,"55","Tagoloan"
"1205",NULL,NULL,"55","Tangcal"
"1206",NULL,NULL,"55","Tubod (Capital)"
"1207",NULL,NULL,"55","Pantar"
"1208",NULL,NULL,"56","Aloran"
"1209",NULL,NULL,"56","Baliangao"
"1210",NULL,NULL,"56","Bonifacio"
"1211",NULL,NULL,"56","Calamba"
"1212",NULL,NULL,"56","Clarin"
"1213",NULL,NULL,"56","Concepcion"
"1214",NULL,NULL,"56","Jimenez"
"1215",NULL,NULL,"56","Lopez Jaena"
"1216",NULL,NULL,"56","City of Oroquieta (Capital)"
"1217",NULL,NULL,"56","City of Ozamiz"
"1218",NULL,NULL,"56","Panaon"
"1219",NULL,NULL,"56","Plaridel"
"1220",NULL,NULL,"56","Sapang Dalaga"
"1221",NULL,NULL,"56","Sinacaban"
"1222",NULL,NULL,"56","City of Tangub"
"1223",NULL,NULL,"56","Tudela"
"1224",NULL,NULL,"56","Don Victoriano Chiongbian"
"1225",NULL,NULL,"57","Alubijid"
"1226",NULL,NULL,"57","Balingasag"
"1227",NULL,NULL,"57","Balingoan"
"1228",NULL,NULL,"57","Binuangan"
"1229",NULL,NULL,"57","City of Cagayan De Oro (Capital)"
"1230",NULL,NULL,"57","Claveria"
"1231",NULL,NULL,"57","City of El Salvador"
"1232",NULL,NULL,"57","City of Gingoog"
"1233",NULL,NULL,"57","Gitagum"
"1234",NULL,NULL,"57","Initao"
"1235",NULL,NULL,"57","Jasaan"
"1236",NULL,NULL,"57","Kinoguitan"
"1237",NULL,NULL,"57","Lagonglong"
"1238",NULL,NULL,"57","Laguindingan"
"1239",NULL,NULL,"57","Libertad"
"1240",NULL,NULL,"57","Lugait"
"1241",NULL,NULL,"57","Magsaysay"
"1242",NULL,NULL,"57","Manticao"
"1243",NULL,NULL,"57","Medina"
"1244",NULL,NULL,"57","Naawan"
"1245",NULL,NULL,"57","Opol"
"1246",NULL,NULL,"57","Salay"
"1247",NULL,NULL,"57","Sugbongcogon"
"1248",NULL,NULL,"57","Tagoloan"
"1249",NULL,NULL,"57","Talisayan"
"1250",NULL,NULL,"57","Villanueva"
"1251",NULL,NULL,"58","Asuncion"
"1252",NULL,NULL,"58","Carmen"
"1253",NULL,NULL,"58","Kapalong"
"1254",NULL,NULL,"58","New Corella"
"1255",NULL,NULL,"58","City of Panabo"
"1256",NULL,NULL,"58","Island Garden City of Samal"
"1257",NULL,NULL,"58","Santo Tomas"
"1258",NULL,NULL,"58","City of Tagum (Capital)"
"1259",NULL,NULL,"58","Talaingod"
"1260",NULL,NULL,"58","Braulio E. Dujali"
"1261",NULL,NULL,"58","San Isidro"
"1262",NULL,NULL,"59","Bansalan"
"1263",NULL,NULL,"59","City of Davao"
"1264",NULL,NULL,"59","City of Digos (Capital)"
"1265",NULL,NULL,"59","Hagonoy"
"1266",NULL,NULL,"59","Kiblawan"
"1267",NULL,NULL,"59","Magsaysay"
"1268",NULL,NULL,"59","Malalag"
"1269",NULL,NULL,"59","Matanao"
"1270",NULL,NULL,"59","Padada"
"1271",NULL,NULL,"59","Santa Cruz"
"1272",NULL,NULL,"59","Sulop"
"1273",NULL,NULL,"60","Baganga"
"1274",NULL,NULL,"60","Banaybanay"
"1275",NULL,NULL,"60","Boston"
"1276",NULL,NULL,"60","Caraga"
"1277",NULL,NULL,"60","Cateel"
"1278",NULL,NULL,"60","Governor Generoso"
"1279",NULL,NULL,"60","Lupon"
"1280",NULL,NULL,"60","Manay"
"1281",NULL,NULL,"60","City of Mati (Capital)"
"1282",NULL,NULL,"60","San Isidro"
"1283",NULL,NULL,"60","Tarragona"
"1284",NULL,NULL,"61","Compostela"
"1285",NULL,NULL,"61","Laak"
"1286",NULL,NULL,"61","Mabini"
"1287",NULL,NULL,"61","Maco"
"1288",NULL,NULL,"61","Maragusan"
"1289",NULL,NULL,"61","Mawab"
"1290",NULL,NULL,"61","Monkayo"
"1291",NULL,NULL,"61","Montevista"
"1292",NULL,NULL,"61","Nabunturan (Capital)"
"1293",NULL,NULL,"61","New Bataan"
"1294",NULL,NULL,"61","Pantukan"
"1295",NULL,NULL,"62","Don Marcelino"
"1296",NULL,NULL,"62","Jose Abad Santos"
"1297",NULL,NULL,"62","Malita (Capital)"
"1298",NULL,NULL,"62","Santa Maria"
"1299",NULL,NULL,"62","Sarangani"
"1300",NULL,NULL,"63","Alamada"
"1301",NULL,NULL,"63","Carmen"
"1302",NULL,NULL,"63","Kabacan"
"1303",NULL,NULL,"63","City of Kidapawan (Capital)"
"1304",NULL,NULL,"63","Libungan"
"1305",NULL,NULL,"63","Magpet"
"1306",NULL,NULL,"63","Makilala"
"1307",NULL,NULL,"63","Matalam"
"1308",NULL,NULL,"63","Midsayap"
"1309",NULL,NULL,"63","M'Lang"
"1310",NULL,NULL,"63","Pigkawayan"
"1311",NULL,NULL,"63","Pikit"
"1312",NULL,NULL,"63","President Roxas"
"1313",NULL,NULL,"63","Tulunan"
"1314",NULL,NULL,"63","Antipas"
"1315",NULL,NULL,"63","Banisilan"
"1316",NULL,NULL,"63","Aleosan"
"1317",NULL,NULL,"63","Arakan"
"1318",NULL,NULL,"64","Banga"
"1319",NULL,NULL,"64","City of General Santos"
"1320",NULL,NULL,"64","City of Koronadal (Capital)"
"1321",NULL,NULL,"64","Norala"
"1322",NULL,NULL,"64","Polomolok"
"1323",NULL,NULL,"64","Surallah"
"1324",NULL,NULL,"64","Tampakan"
"1325",NULL,NULL,"64","Tantangan"
"1326",NULL,NULL,"64","T'Boli"
"1327",NULL,NULL,"64","Tupi"
"1328",NULL,NULL,"64","Santo Niño"
"1329",NULL,NULL,"64","Lake Sebu"
"1330",NULL,NULL,"65","Bagumbayan"
"1331",NULL,NULL,"65","Columbio"
"1332",NULL,NULL,"65","Esperanza"
"1333",NULL,NULL,"65","Isulan (Capital)"
"1334",NULL,NULL,"65","Kalamansig"
"1335",NULL,NULL,"65","Lebak"
"1336",NULL,NULL,"65","Lutayan"
"1337",NULL,NULL,"65","Lambayong"
"1338",NULL,NULL,"65","Palimbang"
"1339",NULL,NULL,"65","President Quirino"
"1340",NULL,NULL,"65","City of Tacurong"
"1341",NULL,NULL,"65","Sen. Ninoy Aquino"
"1342",NULL,NULL,"66","Alabel (Capital)"
"1343",NULL,NULL,"66","Glan"
"1344",NULL,NULL,"66","Kiamba"
"1345",NULL,NULL,"66","Maasim"
"1346",NULL,NULL,"66","Maitum"
"1347",NULL,NULL,"66","Malapatan"
"1348",NULL,NULL,"66","Malungon"
"1349",NULL,NULL,"66","Cotabato City"
"1350",NULL,NULL,"1","Manila"
"1351",NULL,NULL,"1","Mandaluyong City"
"1352",NULL,NULL,"1","Marikina City"
"1353",NULL,NULL,"1","Pasig City"
"1354",NULL,NULL,"1","Quezon City"
"1355",NULL,NULL,"1","San Juan City"
"1356",NULL,NULL,"1","Caloocan City"
"1357",NULL,NULL,"1","Malabon City"
"1358",NULL,NULL,"1","Navotas City"
"1359",NULL,NULL,"1","Valenzuela City"
"1360",NULL,NULL,"1","Las Piñas City"
"1361",NULL,NULL,"1","Makati City"
"1362",NULL,NULL,"1","Muntinlupa City"
"1363",NULL,NULL,"1","Parañaque City"
"1364",NULL,NULL,"1","Pasay City"
"1365",NULL,NULL,"1","Pateros"
"1366",NULL,NULL,"1","Taguig City"
"1367",NULL,NULL,"67","Bangued (Capital)"
"1368",NULL,NULL,"67","Boliney"
"1369",NULL,NULL,"67","Bucay"
"1370",NULL,NULL,"67","Bucloc"
"1371",NULL,NULL,"67","Daguioman"
"1372",NULL,NULL,"67","Danglas"
"1373",NULL,NULL,"67","Dolores"
"1374",NULL,NULL,"67","La Paz"
"1375",NULL,NULL,"67","Lacub"
"1376",NULL,NULL,"67","Lagangilang"
"1377",NULL,NULL,"67","Lagayan"
"1378",NULL,NULL,"67","Langiden"
"1379",NULL,NULL,"67","Licuan-Baay"
"1380",NULL,NULL,"67","Luba"
"1381",NULL,NULL,"67","Malibcong"
"1382",NULL,NULL,"67","Manabo"
"1383",NULL,NULL,"67","Peñarrubia"
"1384",NULL,NULL,"67","Pidigan"
"1385",NULL,NULL,"67","Pilar"
"1386",NULL,NULL,"67","Sallapadan"
"1387",NULL,NULL,"67","San Isidro"
"1388",NULL,NULL,"67","San Juan"
"1389",NULL,NULL,"67","San Quintin"
"1390",NULL,NULL,"67","Tayum"
"1391",NULL,NULL,"67","Tineg"
"1392",NULL,NULL,"67","Tubo"
"1393",NULL,NULL,"67","Villaviciosa"
"1394",NULL,NULL,"68","Atok"
"1395",NULL,NULL,"68","City of Baguio"
"1396",NULL,NULL,"68","Bakun"
"1397",NULL,NULL,"68","Bokod"
"1398",NULL,NULL,"68","Buguias"
"1399",NULL,NULL,"68","Itogon"
"1400",NULL,NULL,"68","Kabayan"
"1401",NULL,NULL,"68","Kapangan"
"1402",NULL,NULL,"68","Kibungan"
"1403",NULL,NULL,"68","La Trinidad (Capital)"
"1404",NULL,NULL,"68","Mankayan"
"1405",NULL,NULL,"68","Sablan"
"1406",NULL,NULL,"68","Tuba"
"1407",NULL,NULL,"68","Tublay"
"1408",NULL,NULL,"69","Banaue"
"1409",NULL,NULL,"69","Hungduan"
"1410",NULL,NULL,"69","Kiangan"
"1411",NULL,NULL,"69","Lagawe (Capital)"
"1412",NULL,NULL,"69","Lamut"
"1413",NULL,NULL,"69","Mayoyao"
"1414",NULL,NULL,"69","Alfonso Lista"
"1415",NULL,NULL,"69","Aguinaldo"
"1416",NULL,NULL,"69","Hingyon"
"1417",NULL,NULL,"69","Tinoc"
"1418",NULL,NULL,"69","Asipulo"
"1419",NULL,NULL,"70","Balbalan"
"1420",NULL,NULL,"70","Lubuagan"
"1421",NULL,NULL,"70","Pasil"
"1422",NULL,NULL,"70","Pinukpuk"
"1423",NULL,NULL,"70","Rizal"
"1424",NULL,NULL,"70","City of Tabuk (Capital)"
"1425",NULL,NULL,"70","Tanudan"
"1426",NULL,NULL,"70","Tinglayan"
"1427",NULL,NULL,"71","Barlig"
"1428",NULL,NULL,"71","Bauko"
"1429",NULL,NULL,"71","Besao"
"1430",NULL,NULL,"71","Bontoc (Capital)"
"1431",NULL,NULL,"71","Natonin"
"1432",NULL,NULL,"71","Paracelis"
"1433",NULL,NULL,"71","Sabangan"
"1434",NULL,NULL,"71","Sadanga"
"1435",NULL,NULL,"71","Sagada"
"1436",NULL,NULL,"71","Tadian"
"1437",NULL,NULL,"72","Calanasan"
"1438",NULL,NULL,"72","Conner"
"1439",NULL,NULL,"72","Flora"
"1440",NULL,NULL,"72","Kabugao (Capital)"
"1441",NULL,NULL,"72","Luna"
"1442",NULL,NULL,"72","Pudtol"
"1443",NULL,NULL,"72","Santa Marcela"
"1444",NULL,NULL,"73","City of Lamitan (Capital)"
"1445",NULL,NULL,"73","Lantawan"
"1446",NULL,NULL,"73","Maluso"
"1447",NULL,NULL,"73","Sumisip"
"1448",NULL,NULL,"73","Tipo-Tipo"
"1449",NULL,NULL,"73","Tuburan"
"1450",NULL,NULL,"73","Akbar"
"1451",NULL,NULL,"73","Al-Barka"
"1452",NULL,NULL,"73","Hadji Mohammad Ajul"
"1453",NULL,NULL,"73","Ungkaya Pukan"
"1454",NULL,NULL,"73","Hadji Muhtamad"
"1455",NULL,NULL,"73","Tabuan-Lasa"
"1456",NULL,NULL,"74","Bacolod-Kalawi"
"1457",NULL,NULL,"74","Balabagan"
"1458",NULL,NULL,"74","Balindong"
"1459",NULL,NULL,"74","Bayang"
"1460",NULL,NULL,"74","Binidayan"
"1461",NULL,NULL,"74","Bubong"
"1462",NULL,NULL,"74","Butig"
"1463",NULL,NULL,"74","Ganassi"
"1464",NULL,NULL,"74","Kapai"
"1465",NULL,NULL,"74","Lumba-Bayabao"
"1466",NULL,NULL,"74","Lumbatan"
"1467",NULL,NULL,"74","Madalum"
"1468",NULL,NULL,"74","Madamba"
"1469",NULL,NULL,"74","Malabang"
"1470",NULL,NULL,"74","Marantao"
"1471",NULL,NULL,"74","City of Marawi (Capital)"
"1472",NULL,NULL,"74","Masiu"
"1473",NULL,NULL,"74","Mulondo"
"1474",NULL,NULL,"74","Pagayawan"
"1475",NULL,NULL,"74","Piagapo"
"1476",NULL,NULL,"74","Poona Bayabao"
"1477",NULL,NULL,"74","Pualas"
"1478",NULL,NULL,"74","Ditsaan-Ramain"
"1479",NULL,NULL,"74","Saguiaran"
"1480",NULL,NULL,"74","Tamparan"
"1481",NULL,NULL,"74","Taraka"
"1482",NULL,NULL,"74","Tubaran"
"1483",NULL,NULL,"74","Tugaya"
"1484",NULL,NULL,"74","Wao"
"1485",NULL,NULL,"74","Marogong"
"1486",NULL,NULL,"74","Calanogas"
"1487",NULL,NULL,"74","Buadiposo-Buntong"
"1488",NULL,NULL,"74","Maguing"
"1489",NULL,NULL,"74","Picong"
"1490",NULL,NULL,"74","Lumbayanague"
"1491",NULL,NULL,"74","Amai Manabilang"
"1492",NULL,NULL,"74","Tagoloan Ii"
"1493",NULL,NULL,"74","Kapatagan"
"1494",NULL,NULL,"74","Sultan Dumalondong"
"1495",NULL,NULL,"74","Lumbaca-Unayan"
"1496",NULL,NULL,"75","Ampatuan"
"1497",NULL,NULL,"75","Buldon"
"1498",NULL,NULL,"75","Buluan"
"1499",NULL,NULL,"75","Datu Paglas"
"1500",NULL,NULL,"75","Datu Piang"
"1501",NULL,NULL,"75","Datu Odin Sinsuat"
"1502",NULL,NULL,"75","Shariff Aguak (Capital)"
"1503",NULL,NULL,"75","Matanog"
"1504",NULL,NULL,"75","Pagalungan"
"1505",NULL,NULL,"75","Parang"
"1506",NULL,NULL,"75","Sultan Kudarat"
"1507",NULL,NULL,"75","Sultan Sa Barongis"
"1508",NULL,NULL,"75","Kabuntalan"
"1509",NULL,NULL,"75","Upi"
"1510",NULL,NULL,"75","Talayan"
"1511",NULL,NULL,"75","South Upi"
"1512",NULL,NULL,"75","Barira"
"1513",NULL,NULL,"75","Gen. S.K. Pendatun"
"1514",NULL,NULL,"75","Mamasapano"
"1515",NULL,NULL,"75","Talitay"
"1516",NULL,NULL,"75","Pagagawan"
"1517",NULL,NULL,"75","Paglat"
"1518",NULL,NULL,"75","Sultan Mastura"
"1519",NULL,NULL,"75","Guindulungan"
"1520",NULL,NULL,"75","Datu Saudi-Ampatuan"
"1521",NULL,NULL,"75","Datu Unsay"
"1522",NULL,NULL,"75","Datu Abdullah Sangki"
"1523",NULL,NULL,"75","Rajah Buayan"
"1524",NULL,NULL,"75","Datu Blah T. Sinsuat"
"1525",NULL,NULL,"75","Datu Anggal Midtimbang"
"1526",NULL,NULL,"75","Mangudadatu"
"1527",NULL,NULL,"75","Pandag"
"1528",NULL,NULL,"75","Northern Kabuntalan"
"1529",NULL,NULL,"75","Datu Hoffer Ampatuan"
"1530",NULL,NULL,"75","Datu Salibo"
"1531",NULL,NULL,"75","Shariff Saydona Mustapha"
"1532",NULL,NULL,"76","Indanan"
"1533",NULL,NULL,"76","Jolo (Capital)"
"1534",NULL,NULL,"76","Kalingalan Caluang"
"1535",NULL,NULL,"76","Luuk"
"1536",NULL,NULL,"76","Maimbung"
"1537",NULL,NULL,"76","Hadji Panglima Tahil"
"1538",NULL,NULL,"76","Old Panamao"
"1539",NULL,NULL,"76","Pangutaran"
"1540",NULL,NULL,"76","Parang"
"1541",NULL,NULL,"76","Pata"
"1542",NULL,NULL,"76","Patikul"
"1543",NULL,NULL,"76","Siasi"
"1544",NULL,NULL,"76","Talipao"
"1545",NULL,NULL,"76","Tapul"
"1546",NULL,NULL,"76","Tongkil"
"1547",NULL,NULL,"76","Panglima Estino"
"1548",NULL,NULL,"76","Lugus"
"1549",NULL,NULL,"76","Pandami"
"1550",NULL,NULL,"76","Omar"
"1551",NULL,NULL,"77","Panglima Sugala"
"1552",NULL,NULL,"77","Bongao (Capital)"
"1553",NULL,NULL,"77","Mapun"
"1554",NULL,NULL,"77","Simunul"
"1555",NULL,NULL,"77","Sitangkai"
"1556",NULL,NULL,"77","South Ubian"
"1557",NULL,NULL,"77","Tandubas"
"1558",NULL,NULL,"77","Turtle Islands"
"1559",NULL,NULL,"77","Languyan"
"1560",NULL,NULL,"77","Sapa-Sapa"
"1561",NULL,NULL,"77","Sibutu"
"1562",NULL,NULL,"78","Buenavista"
"1563",NULL,NULL,"78","City of Butuan (Capital)"
"1564",NULL,NULL,"78","City of Cabadbaran"
"1565",NULL,NULL,"78","Carmen"
"1566",NULL,NULL,"78","Jabonga"
"1567",NULL,NULL,"78","Kitcharao"
"1568",NULL,NULL,"78","Las Nieves"
"1569",NULL,NULL,"78","Magallanes"
"1570",NULL,NULL,"78","Nasipit"
"1571",NULL,NULL,"78","Santiago"
"1572",NULL,NULL,"78","Tubay"
"1573",NULL,NULL,"78","Remedios T. Romualdez"
"1574",NULL,NULL,"79","City of Bayugan"
"1575",NULL,NULL,"79","Bunawan"
"1576",NULL,NULL,"79","Esperanza"
"1577",NULL,NULL,"79","La Paz"
"1578",NULL,NULL,"79","Loreto"
"1579",NULL,NULL,"79","Prosperidad (Capital)"
"1580",NULL,NULL,"79","Rosario"
"1581",NULL,NULL,"79","San Francisco"
"1582",NULL,NULL,"79","San Luis"
"1583",NULL,NULL,"79","Santa Josefa"
"1584",NULL,NULL,"79","Talacogon"
"1585",NULL,NULL,"79","Trento"
"1586",NULL,NULL,"79","Veruela"
"1587",NULL,NULL,"79","Sibagat"
"1588",NULL,NULL,"80","Alegria"
"1589",NULL,NULL,"80","Bacuag"
"1590",NULL,NULL,"80","Burgos"
"1591",NULL,NULL,"80","Claver"
"1592",NULL,NULL,"80","Dapa"
"1593",NULL,NULL,"80","Del Carmen"
"1594",NULL,NULL,"80","General Luna"
"1595",NULL,NULL,"80","Gigaquit"
"1596",NULL,NULL,"80","Mainit"
"1597",NULL,NULL,"80","Malimono"
"1598",NULL,NULL,"80","Pilar"
"1599",NULL,NULL,"80","Placer"
"1600",NULL,NULL,"80","San Benito"
"1601",NULL,NULL,"80","San Francisco"
"1602",NULL,NULL,"80","San Isidro"
"1603",NULL,NULL,"80","Santa Monica"
"1604",NULL,NULL,"80","Sison"
"1605",NULL,NULL,"80","Socorro"
"1606",NULL,NULL,"80","City of Surigao (Capital)"
"1607",NULL,NULL,"80","Tagana-An"
"1608",NULL,NULL,"80","Tubod"
"1609",NULL,NULL,"81","Barobo"
"1610",NULL,NULL,"81","Bayabas"
"1611",NULL,NULL,"81","City of Bislig"
"1612",NULL,NULL,"81","Cagwait"
"1613",NULL,NULL,"81","Cantilan"
"1614",NULL,NULL,"81","Carmen"
"1615",NULL,NULL,"81","Carrascal"
"1616",NULL,NULL,"81","Cortes"
"1617",NULL,NULL,"81","Hinatuan"
"1618",NULL,NULL,"81","Lanuza"
"1619",NULL,NULL,"81","Lianga"
"1620",NULL,NULL,"81","Lingig"
"1621",NULL,NULL,"81","Madrid"
"1622",NULL,NULL,"81","Marihatag"
"1623",NULL,NULL,"81","San Agustin"
"1624",NULL,NULL,"81","San Miguel"
"1625",NULL,NULL,"81","Tagbina"
"1626",NULL,NULL,"81","Tago"
"1627",NULL,NULL,"81","City of Tandag (Capital)"
"1628",NULL,NULL,"82","Basilisa"
"1629",NULL,NULL,"82","Cagdianao"
"1630",NULL,NULL,"82","Dinagat"
"1631",NULL,NULL,"82","Libjo"
"1632",NULL,NULL,"82","Loreto"
"1633",NULL,NULL,"82","San Jose (Capital)"
"1634",NULL,NULL,"82","Tubajon"
